GeoFIPS,GeoName,Region,TableName,LineCode,IndustryClassification,Description,Unit,2001,2002,2003,2004,2005,2006,2007,2008,2009,2010,2011,2012,2013,2014,2015,2016,2017,2018,2019,2020
 "20000","Kansas",4,CAGDP1,1,"...","Real GDP (thousands of chained 2012 dollars)","Thousands of chained 2012 dollars",114327697,116194953,118192478,119391647,123949777,130364544,137093586,139536841,134227031,135723241,139579438,141818180,141723361,145344140,148810517,153695326,155407884,158906333,160182322,156770113
 "20000","Kansas",4,CAGDP1,2,"...","Chain-type quantity indexes for real GDP","Quantity index",80.616,81.932,83.341,84.186,87.400,91.924,96.669,98.391,94.647,95.702,98.421,100.000,99.933,102.486,104.930,108.375,109.582,112.049,112.949,110.543
 "20000","Kansas",4,CAGDP1,3,"...","Current-dollar GDP (thousands of current dollars)","Thousands of dollars",88883571,91584153,95359890,99083017,105526330,114091890,123878736,128604326,125348913,128591336,136358893,141818180,144483193,150183624,154958197,160451040,164923263,172327508,176738510,175141786
 "20001","Allen, KS",4,CAGDP1,1,"...","Real GDP (thousands of chained 2012 dollars)","Thousands of chained 2012 dollars",411169,428264,444928,468287,445481,442793,450456,479995,487386,487751,511583,532026,519940,482963,490231,470725,467064,498430,537849,537007
 "20001","Allen, KS",4,CAGDP1,2,"...","Chain-type quantity indexes for real GDP","Quantity index",77.284,80.497,83.629,88.020,83.733,83.228,84.668,90.220,91.609,91.678,96.158,100.000,97.728,90.778,92.144,88.478,87.790,93.685,101.095,100.936
 "20001","Allen, KS",4,CAGDP1,3,"...","Current-dollar GDP (thousands of current dollars)","Thousands of dollars",328585,348223,366545,393272,382005,391260,407876,444968,457210,464703,496794,532026,532471,501429,518719,505069,504590,546057,599873,607820
 "20003","Anderson, KS",4,CAGDP1,1,"...","Real GDP (thousands of chained 2012 dollars)","Thousands of chained 2012 dollars",172105,181152,177289,176717,176623,173976,188227,210687,220682,202625,217276,230736,239854,247696,241447,285941,246617,243035,266839,279938
 "20003","Anderson, KS",4,CAGDP1,2,"...","Chain-type quantity indexes for real GDP","Quantity index",74.590,78.511,76.836,76.589,76.548,75.401,81.577,91.311,95.643,87.817,94.166,100.000,103.952,107.351,104.642,123.926,106.883,105.331,115.647,121.324
 "20003","Anderson, KS",4,CAGDP1,3,"...","Current-dollar GDP (thousands of current dollars)","Thousands of dollars",126048,133945,136265,143320,145636,148759,167322,193056,198070,187251,211887,230736,245532,252661,240033,276891,246943,247618,276586,290651
 "20005","Atchison, KS",4,CAGDP1,1,"...","Real GDP (thousands of chained 2012 dollars)","Thousands of chained 2012 dollars",611127,548685,510985,524830,506874,520989,566894,542241,525475,518197,547553,512747,532958,554190,581085,593297,677964,688237,689470,653366
 "20005","Atchison, KS",4,CAGDP1,2,"...","Chain-type quantity indexes for real GDP","Quantity index",119.187,107.009,99.656,102.356,98.855,101.607,110.560,105.752,102.482,101.063,106.788,100.000,103.942,108.083,113.328,115.709,132.222,134.225,134.466,127.425
 "20005","Atchison, KS",4,CAGDP1,3,"...","Current-dollar GDP (thousands of current dollars)","Thousands of dollars",457766,418255,395589,426359,424696,460163,518722,509777,484618,491964,539892,512747,538560,570669,600299,616166,713612,736948,752182,727287
 "20007","Barber, KS",4,CAGDP1,1,"...","Real GDP (thousands of chained 2012 dollars)","Thousands of chained 2012 dollars",158184,181948,198685,180145,191978,224468,195494,210729,218629,233231,242673,269433,297653,289203,241770,234668,239700,211938,205882,206714
 "20007","Barber, KS",4,CAGDP1,2,"...","Chain-type quantity indexes for real GDP","Quantity index",58.710,67.530,73.742,66.861,71.253,83.312,72.558,78.212,81.144,86.564,90.068,100.000,110.474,107.338,89.733,87.097,88.965,78.661,76.413,76.722
 "20007","Barber, KS",4,CAGDP1,3,"...","Current-dollar GDP (thousands of current dollars)","Thousands of dollars",117587,134420,158084,154281,171006,203838,193410,227908,191142,224591,251659,269433,310452,300205,209218,199805,214599,198460,191355,186697
 "20009","Barton, KS",4,CAGDP1,1,"...","Real GDP (thousands of chained 2012 dollars)","Thousands of chained 2012 dollars",896403,904747,946080,977501,1007668,1110605,1113010,1176730,1162861,1167391,1199035,1267996,1233424,1294881,1222358,1234964,1169192,1161532,1192574,1152933
 "20009","Barton, KS",4,CAGDP1,2,"...","Chain-type quantity indexes for real GDP","Quantity index",70.694,71.352,74.612,77.090,79.469,87.587,87.777,92.802,91.709,92.066,94.561,100.000,97.273,102.120,96.401,97.395,92.208,91.604,94.052,90.926
 "20009","Barton, KS",4,CAGDP1,3,"...","Current-dollar GDP (thousands of current dollars)","Thousands of dollars",662598,680363,733545,790134,839702,956151,1010759,1105984,1055577,1096620,1179923,1267996,1263151,1339861,1237249,1237411,1203275,1221335,1269778,1235615
 "20011","Bourbon, KS",4,CAGDP1,1,"...","Real GDP (thousands of chained 2012 dollars)","Thousands of chained 2012 dollars",505008,543746,534753,570314,562092,592798,566781,559544,547004,525238,493695,526432,539608,539607,552980,580768,578010,630285,557183,551341
 "20011","Bourbon, KS",4,CAGDP1,2,"...","Chain-type quantity indexes for real GDP","Quantity index",95.930,103.289,101.581,108.336,106.774,112.607,107.665,106.290,103.908,99.773,93.781,100.000,102.503,102.503,105.043,110.321,109.798,119.728,105.841,104.732
 "20011","Bourbon, KS",4,CAGDP1,3,"...","Current-dollar GDP (thousands of current dollars)","Thousands of dollars",388406,425770,426395,467987,476555,521541,513486,517919,524536,507287,482329,526432,550367,558326,585894,621985,627490,697698,631239,633432
 "20013","Brown, KS",4,CAGDP1,1,"...","Real GDP (thousands of chained 2012 dollars)","Thousands of chained 2012 dollars",331288,300516,341426,399494,392602,376503,420012,400792,477640,394639,490377,452375,475755,450661,443348,432592,457775,521447,513114,471878
 "20013","Brown, KS",4,CAGDP1,2,"...","Chain-type quantity indexes for real GDP","Quantity index",73.233,66.431,75.474,88.310,86.787,83.228,92.846,88.597,105.585,87.237,108.401,100.000,105.168,99.621,98.005,95.627,101.194,115.269,113.427,104.311
 "20013","Brown, KS",4,CAGDP1,3,"...","Current-dollar GDP (thousands of current dollars)","Thousands of dollars",261732,240627,280742,342084,333664,325408,380887,369581,436168,367696,475919,452375,489660,470372,473234,468365,500864,576525,582939,545290
 "20015","Butler, KS",4,CAGDP1,1,"...","Real GDP (thousands of chained 2012 dollars)","Thousands of chained 2012 dollars",1572213,1590528,1664347,1515150,1708264,1907438,1997197,1774530,1938212,1901562,1945947,1683841,1675890,1808200,1879582,2424801,2298167,2351738,2387802,2412601
 "20015","Butler, KS",4,CAGDP1,2,"...","Chain-type quantity indexes for real GDP","Quantity index",93.371,94.458,98.842,89.982,101.450,113.279,118.610,105.386,115.107,112.930,115.566,100.000,99.528,107.385,111.625,144.004,136.484,139.665,141.807,143.280
 "20015","Butler, KS",4,CAGDP1,3,"...","Current-dollar GDP (thousands of current dollars)","Thousands of dollars",1059816,1073750,1178140,1121828,1334724,1569942,1732753,1557437,1665939,1710246,1890711,1683841,1717354,1881363,1972128,2447428,2488057,2757111,2702253,2566780
 "20017","Chase, KS",4,CAGDP1,1,"...","Real GDP (thousands of chained 2012 dollars)","Thousands of chained 2012 dollars",80555,82142,77597,84751,97528,106854,98228,98794,98933,94578,82924,98860,91907,94699,108854,113389,119972,131682,129757,125281
 "20017","Chase, KS",4,CAGDP1,2,"...","Chain-type quantity indexes for real GDP","Quantity index",81.484,83.089,78.491,85.728,98.653,108.086,99.361,99.933,100.073,95.668,83.880,100.000,92.966,95.790,110.109,114.696,121.355,133.200,131.252,126.725
 "20017","Chase, KS",4,CAGDP1,3,"...","Current-dollar GDP (thousands of current dollars)","Thousands of dollars",53134,53582,53231,62819,72495,82004,83601,88253,88440,87839,81306,98860,92932,94816,104683,105507,116456,129665,129506,126006
 "20019","Chautauqua, KS",4,CAGDP1,1,"...","Real GDP (thousands of chained 2012 dollars)","Thousands of chained 2012 dollars",66099,87081,75336,70841,68760,66272,62909,64162,71756,72745,72881,73326,77760,75785,73732,74240,72472,76469,72755,76430
 "20019","Chautauqua, KS",4,CAGDP1,2,"...","Chain-type quantity indexes for real GDP","Quantity index",90.143,118.758,102.741,96.611,93.773,90.380,85.793,87.502,97.859,99.208,99.393,100.000,106.046,103.353,100.554,101.246,98.835,104.286,99.221,104.234
 "20019","Chautauqua, KS",4,CAGDP1,3,"...","Current-dollar GDP (thousands of current dollars)","Thousands of dollars",47889,63479,58318,57748,58358,57871,57209,61822,64131,68609,72869,73326,80279,78625,72403,74029,73553,79935,77674,82164
 "20021","Cherokee, KS",4,CAGDP1,1,"...","Real GDP (thousands of chained 2012 dollars)","Thousands of chained 2012 dollars",478711,474675,496824,502167,516203,518790,562864,583198,560656,599941,578959,562154,524291,523173,530682,585133,641250,688090,695416,717388
 "20021","Cherokee, KS",4,CAGDP1,2,"...","Chain-type quantity indexes for real GDP","Quantity index",85.157,84.439,88.379,89.329,91.826,92.286,100.126,103.743,99.733,106.722,102.989,100.000,93.265,93.066,94.401,104.088,114.070,122.402,123.706,127.614
 "20021","Cherokee, KS",4,CAGDP1,3,"...","Current-dollar GDP (thousands of current dollars)","Thousands of dollars",384750,385120,409466,426000,448483,464471,518939,543335,529267,569607,565462,562154,535788,543186,563983,624992,697627,768945,789546,810962
 "20023","Cheyenne, KS",4,CAGDP1,1,"...","Real GDP (thousands of chained 2012 dollars)","Thousands of chained 2012 dollars",96607,80716,89117,70160,75878,73456,100500,103209,118046,125386,142361,120370,145302,130514,125864,119204,103837,126796,125305,138108
 "20023","Cheyenne, KS",4,CAGDP1,2,"...","Chain-type quantity indexes for real GDP","Quantity index",80.258,67.057,74.036,58.287,63.037,61.025,83.492,85.743,98.070,104.167,118.270,100.000,120.713,108.427,104.564,99.032,86.265,105.339,104.100,114.736
 "20023","Cheyenne, KS",4,CAGDP1,3,"...","Current-dollar GDP (thousands of current dollars)","Thousands of dollars",63731,53348,61906,51427,58156,58087,85241,91628,93210,106858,139478,120370,149434,129470,113431,102958,93566,116846,115915,124036
 "20025","Clark, KS",4,CAGDP1,1,"...","Real GDP (thousands of chained 2012 dollars)","Thousands of chained 2012 dollars",80502,91122,102704,84148,95903,91250,83500,93194,98251,108440,101702,103700,105126,105177,115921,148223,203965,223880,213455,207497
 "20025","Clark, KS",4,CAGDP1,2,"...","Chain-type quantity indexes for real GDP","Quantity index",77.629,87.871,99.039,81.145,92.481,87.994,80.521,89.868,94.745,104.570,98.072,100.000,101.375,101.424,111.785,142.934,196.687,215.891,205.838,200.093
 "20025","Clark, KS",4,CAGDP1,3,"...","Current-dollar GDP (thousands of current dollars)","Thousands of dollars",54517,60564,73943,66272,74770,71785,72289,86903,77202,93904,100681,103700,108754,105665,105482,126625,182428,201848,194376,185287
 "20027","Clay, KS",4,CAGDP1,1,"...","Real GDP (thousands of chained 2012 dollars)","Thousands of chained 2012 dollars",197287,205248,212106,247273,242148,256772,259244,303286,297933,304422,289226,268002,286529,267958,247264,238936,249927,266466,282184,268434
 "20027","Clay, KS",4,CAGDP1,2,"...","Chain-type quantity indexes for real GDP","Quantity index",73.614,76.584,79.143,92.265,90.353,95.809,96.732,113.165,111.168,113.589,107.919,100.000,106.913,99.983,92.262,89.154,93.256,99.427,105.291,100.161
 "20027","Clay, KS",4,CAGDP1,3,"...","Current-dollar GDP (thousands of current dollars)","Thousands of dollars",148987,157645,167406,204682,200983,217986,233156,277449,265144,279301,281367,268002,294771,276872,257945,251192,267703,290243,313137,300236
 "20029","Cloud, KS",4,CAGDP1,1,"...","Real GDP (thousands of chained 2012 dollars)","Thousands of chained 2012 dollars",282639,268792,299816,313322,314047,327406,339298,386345,342533,343486,350560,347900,345206,349929,338875,338285,329103,341576,357553,347936
 "20029","Cloud, KS",4,CAGDP1,2,"...","Chain-type quantity indexes for real GDP","Quantity index",81.241,77.261,86.179,90.061,90.269,94.109,97.527,111.051,98.457,98.731,100.765,100.000,99.225,100.583,97.406,97.236,94.597,98.182,102.775,100.010
 "20029","Cloud, KS",4,CAGDP1,3,"...","Current-dollar GDP (thousands of current dollars)","Thousands of dollars",213839,206642,234804,255116,258601,277286,304032,356730,312574,320060,342401,347900,354559,363894,354027,354227,349669,369903,397221,391004
 "20031","Coffey, KS",4,CAGDP1,1,"...","Real GDP (thousands of chained 2012 dollars)","Thousands of chained 2012 dollars",594871,557395,564626,626585,580576,605011,609501,625427,674366,727587,737265,802307,795599,801566,785429,832392,830692,776864,773136,804570
 "20031","Coffey, KS",4,CAGDP1,2,"...","Chain-type quantity indexes for real GDP","Quantity index",74.145,69.474,70.375,78.098,72.363,75.409,75.969,77.954,84.053,90.687,91.893,100.000,99.164,99.908,97.896,103.750,103.538,96.829,96.364,100.282
 "20031","Coffey, KS",4,CAGDP1,3,"...","Current-dollar GDP (thousands of current dollars)","Thousands of dollars",486442,441408,467799,534089,512806,566007,579615,597299,687530,732591,750991,802307,822223,872918,852729,878169,896111,860940,879157,906602
 "20033","Comanche, KS",4,CAGDP1,1,"...","Real GDP (thousands of chained 2012 dollars)","Thousands of chained 2012 dollars",71188,78722,90279,72555,79567,79314,76644,78493,75126,74404,63645,70498,96121,80222,71215,67556,73413,64045,68988,60603
 "20033","Comanche, KS",4,CAGDP1,2,"...","Chain-type quantity indexes for real GDP","Quantity index",100.979,111.666,128.059,102.918,112.864,112.506,108.719,111.341,106.565,105.542,90.279,100.000,136.346,113.794,101.017,95.828,104.135,90.847,97.858,85.964
 "20033","Comanche, KS",4,CAGDP1,3,"...","Current-dollar GDP (thousands of current dollars)","Thousands of dollars",47525,50503,66735,59414,67941,67895,73816,81862,63657,69548,65275,70498,100450,82768,59776,56008,64399,58739,63458,55119
 "20035","Cowley, KS",4,CAGDP1,1,"...","Real GDP (thousands of chained 2012 dollars)","Thousands of chained 2012 dollars",1131651,1112192,1095746,1101120,1056892,1134252,1174243,1171602,1079455,1106071,1133480,1144481,1111058,1194064,1272898,1265071,1292631,1314131,1246988,1222928
 "20035","Cowley, KS",4,CAGDP1,2,"...","Chain-type quantity indexes for real GDP","Quantity index",98.879,97.179,95.742,96.211,92.347,99.106,102.600,102.370,94.318,96.644,99.039,100.000,97.080,104.332,111.221,110.537,112.945,114.823,108.957,106.854
 "20035","Cowley, KS",4,CAGDP1,3,"...","Current-dollar GDP (thousands of current dollars)","Thousands of dollars",864329,868121,874806,899365,884811,979451,1043435,1067413,1014809,1049965,1100236,1144481,1137413,1242631,1343347,1339700,1378198,1422743,1382651,1396223
 "20037","Crawford, KS",4,CAGDP1,1,"...","Real GDP (thousands of chained 2012 dollars)","Thousands of chained 2012 dollars",1163463,1200867,1165154,1167229,1197269,1222860,1235071,1287917,1274997,1272148,1292311,1338225,1362130,1327399,1315917,1335808,1406205,1474252,1487985,1495298
 "20037","Crawford, KS",4,CAGDP1,2,"...","Chain-type quantity indexes for real GDP","Quantity index",86.941,89.736,87.067,87.222,89.467,91.379,92.292,96.241,95.275,95.062,96.569,100.000,101.786,99.191,98.333,99.819,105.080,110.165,111.191,111.737
 "20037","Crawford, KS",4,CAGDP1,3,"...","Current-dollar GDP (thousands of current dollars)","Thousands of dollars",921152,967579,951176,973858,1022954,1075018,1117531,1188079,1215723,1223063,1259356,1338225,1396303,1386498,1409719,1449732,1538489,1641761,1701472,1755655
 "20039","Decatur, KS",4,CAGDP1,1,"...","Real GDP (thousands of chained 2012 dollars)","Thousands of chained 2012 dollars",144028,110089,106072,79029,121862,87524,126625,131248,152406,153749,160871,123768,138940,144132,156558,190278,118377,135842,143700,154304
 "20039","Decatur, KS",4,CAGDP1,2,"...","Chain-type quantity indexes for real GDP","Quantity index",116.370,88.948,85.703,63.853,98.460,70.716,102.309,106.044,123.139,124.224,129.979,100.000,112.259,116.454,126.493,153.739,95.645,109.755,116.105,124.672
 "20039","Decatur, KS",4,CAGDP1,3,"...","Current-dollar GDP (thousands of current dollars)","Thousands of dollars",100344,74764,76543,61003,91587,66375,106659,114371,115557,127504,157699,123768,142988,143055,140940,159424,104092,121300,130242,139364
 "20041","Dickinson, KS",4,CAGDP1,1,"...","Real GDP (thousands of chained 2012 dollars)","Thousands of chained 2012 dollars",504770,508091,563324,572206,565369,625650,578726,625285,636636,612352,613506,565195,587436,572113,556766,571657,582486,615206,602462,592121
 "20041","Dickinson, KS",4,CAGDP1,2,"...","Chain-type quantity indexes for real GDP","Quantity index",89.309,89.897,99.669,101.241,100.031,110.696,102.394,110.632,112.640,108.344,108.548,100.000,103.935,101.224,98.509,101.143,103.059,108.849,106.594,104.764
 "20041","Dickinson, KS",4,CAGDP1,3,"...","Current-dollar GDP (thousands of current dollars)","Thousands of dollars",376176,385327,437443,465784,464803,527337,521591,578762,589253,575989,594482,565195,602841,597733,593689,615271,630959,676984,681495,683924
 "20043","Doniphan, KS",4,CAGDP1,1,"...","Real GDP (thousands of chained 2012 dollars)","Thousands of chained 2012 dollars",219741,196538,184624,230517,243140,253601,303468,294113,289106,240448,247528,228852,256207,239896,267079,244131,256898,241436,268532,239185
 "20043","Doniphan, KS",4,CAGDP1,2,"...","Chain-type quantity indexes for real GDP","Quantity index",96.019,85.880,80.674,100.728,106.243,110.814,132.605,128.517,126.329,105.067,108.161,100.000,111.953,104.826,116.704,106.677,112.255,105.499,117.339,104.515
 "20043","Doniphan, KS",4,CAGDP1,3,"...","Current-dollar GDP (thousands of current dollars)","Thousands of dollars",171834,155607,149384,193333,203533,215916,275429,273128,264653,224131,239871,228852,263508,249847,287565,264544,283190,269137,305400,272752
 "20045","Douglas, KS",4,CAGDP1,1,"...","Real GDP (thousands of chained 2012 dollars)","Thousands of chained 2012 dollars",3700172,3805848,3783265,3862304,3870559,3847798,3933397,4029648,4001793,3937978,4037593,4019253,4058107,4129953,4153031,4353800,4443152,4572224,4581216,4362445
 "20045","Douglas, KS",4,CAGDP1,2,"...","Chain-type quantity indexes for real GDP","Quantity index",92.061,94.690,94.129,96.095,96.300,95.734,97.864,100.259,99.566,97.978,100.456,100.000,100.967,102.754,103.328,108.324,110.547,113.758,113.982,108.539
 "20045","Douglas, KS",4,CAGDP1,3,"...","Current-dollar GDP (thousands of current dollars)","Thousands of dollars",2881750,3017784,3051166,3193756,3298963,3397075,3579635,3746375,3836249,3801185,3953689,4019253,4163718,4336826,4476756,4753441,4917152,5165016,5301479,5172020
 "20047","Edwards, KS",4,CAGDP1,1,"...","Real GDP (thousands of chained 2012 dollars)","Thousands of chained 2012 dollars",130902,153130,144393,133446,143148,123906,145358,152024,192464,168936,173955,156713,194764,184847,243121,261434,209575,201950,204201,189183
 "20047","Edwards, KS",4,CAGDP1,2,"...","Chain-type quantity indexes for real GDP","Quantity index",83.530,97.714,92.138,85.153,91.344,79.066,92.754,97.008,122.813,107.799,111.002,100.000,124.281,117.952,155.138,166.824,133.732,128.866,130.302,120.719
 "20047","Edwards, KS",4,CAGDP1,3,"...","Current-dollar GDP (thousands of current dollars)","Thousands of dollars",92290,104493,106283,107134,110658,95886,127604,137991,150328,143851,170049,156713,200243,182834,219491,217978,185160,178081,181469,163449
 "20049","Elk, KS",4,CAGDP1,1,"...","Real GDP (thousands of chained 2012 dollars)","Thousands of chained 2012 dollars",58488,68205,63331,68373,72014,71538,70164,53541,50677,63622,59960,88055,92184,93957,90978,85616,80690,73755,74578,70286
 "20049","Elk, KS",4,CAGDP1,2,"...","Chain-type quantity indexes for real GDP","Quantity index",66.422,77.457,71.922,77.648,81.783,81.243,79.683,60.804,57.552,72.253,68.094,100.000,104.689,106.703,103.320,97.230,91.637,83.761,84.695,79.821
 "20049","Elk, KS",4,CAGDP1,3,"...","Current-dollar GDP (thousands of current dollars)","Thousands of dollars",41718,48669,47724,54959,57183,57940,61985,48725,45619,59167,59432,88055,95094,99758,96203,89674,86460,81224,84321,79753
 "20051","Ellis, KS",4,CAGDP1,1,"...","Real GDP (thousands of chained 2012 dollars)","Thousands of chained 2012 dollars",1037735,1076452,1057247,1055041,1062520,1112095,1174185,1271855,1273039,1298604,1366937,1416328,1432599,1471466,1480316,1479681,1457095,1488379,1478814,1467560
 "20051","Ellis, KS",4,CAGDP1,2,"...","Chain-type quantity indexes for real GDP","Quantity index",73.269,76.003,74.647,74.491,75.019,78.520,82.903,89.799,89.883,91.688,96.513,100.000,101.149,103.893,104.518,104.473,102.878,105.087,104.412,103.617
 "20051","Ellis, KS",4,CAGDP1,3,"...","Current-dollar GDP (thousands of current dollars)","Thousands of dollars",787521,827343,838292,866266,907017,978630,1075043,1209812,1171999,1234936,1351239,1416328,1468920,1524005,1497696,1494545,1497435,1565879,1577111,1576410
 "20053","Ellsworth, KS",4,CAGDP1,1,"...","Real GDP (thousands of chained 2012 dollars)","Thousands of chained 2012 dollars",193159,198425,220752,222536,206186,213267,228975,241803,220335,215995,228745,262663,288339,286671,250350,235808,244809,255743,270728,265638
 "20053","Ellsworth, KS",4,CAGDP1,2,"...","Chain-type quantity indexes for real GDP","Quantity index",73.539,75.543,84.044,84.723,78.498,81.194,87.174,92.058,83.885,82.233,87.087,100.000,109.775,109.140,95.312,89.776,93.203,97.365,103.071,101.132
 "20053","Ellsworth, KS",4,CAGDP1,3,"...","Current-dollar GDP (thousands of current dollars)","Thousands of dollars",138110,143790,165386,176004,166420,176812,203540,222897,200460,202450,224564,262663,296107,299637,260575,244543,258686,276667,298025,293920
 "20055","Finney, KS",4,CAGDP1,1,"...","Real GDP (thousands of chained 2012 dollars)","Thousands of chained 2012 dollars",1521042,1476226,1543312,1545451,1557813,1534296,1523124,1693187,1774061,1918990,1959247,1880085,1952794,1906900,2058827,2185552,2118006,2218339,2110368,2061237
 "20055","Finney, KS",4,CAGDP1,2,"...","Chain-type quantity indexes for real GDP","Quantity index",80.903,78.519,82.087,82.201,82.859,81.608,81.014,90.059,94.361,102.069,104.211,100.000,103.867,101.426,109.507,116.248,112.655,117.991,112.249,109.635
 "20055","Finney, KS",4,CAGDP1,3,"...","Current-dollar GDP (thousands of current dollars)","Thousands of dollars",1092824,1067247,1164547,1212218,1263063,1275610,1318578,1533825,1586421,1774187,1914449,1880085,2008321,1984380,2096318,2195477,2169033,2296055,2227545,2213865
 "20057","Ford, KS",4,CAGDP1,1,"...","Real GDP (thousands of chained 2012 dollars)","Thousands of chained 2012 dollars",1121720,1198724,1246721,1221725,1260968,1220877,1257606,1389876,1431538,1552804,1529179,1590802,1628340,1586160,1699211,1827373,1943235,2149930,2106351,2173959
 "20057","Ford, KS",4,CAGDP1,2,"...","Chain-type quantity indexes for real GDP","Quantity index",70.513,75.353,78.371,76.799,79.266,76.746,79.055,87.370,89.988,97.611,96.126,100.000,102.360,99.708,106.815,114.871,122.154,135.148,132.408,136.658
 "20057","Ford, KS",4,CAGDP1,3,"...","Current-dollar GDP (thousands of current dollars)","Thousands of dollars",846461,924334,980247,980464,1027032,1009320,1075906,1232988,1327087,1461034,1476694,1590802,1668756,1657682,1797501,1935629,2070754,2305829,2296989,2431703
 "20059","Franklin, KS",4,CAGDP1,1,"...","Real GDP (thousands of chained 2012 dollars)","Thousands of chained 2012 dollars",621034,670781,667829,695978,702252,740239,742047,751702,756034,719647,736330,770751,807348,791931,810450,828640,797769,845581,828536,818567
 "20059","Franklin, KS",4,CAGDP1,2,"...","Chain-type quantity indexes for real GDP","Quantity index",80.575,87.030,86.647,90.299,91.113,96.041,96.276,97.529,98.091,93.370,95.534,100.000,104.748,102.748,105.151,107.511,103.505,109.709,107.497,106.204
 "20059","Franklin, KS",4,CAGDP1,3,"...","Current-dollar GDP (thousands of current dollars)","Thousands of dollars",489765,539186,546315,583199,605092,657825,684653,712921,738004,703411,725069,770751,820608,814837,851546,883381,863535,936421,939322,945448
 "20061","Geary, KS",4,CAGDP1,1,"...","Real GDP (thousands of chained 2012 dollars)","Thousands of chained 2012 dollars",1592146,1607327,1720606,1842853,1935523,2259367,2624263,2852385,2855071,3085702,3130022,3052708,2850592,2792093,2777276,2675901,2664914,2670597,2633825,2671243
 "20061","Geary, KS",4,CAGDP1,2,"...","Chain-type quantity indexes for real GDP","Quantity index",52.155,52.653,56.363,60.368,63.403,74.012,85.965,93.438,93.526,101.081,102.533,100.000,93.379,91.463,90.977,87.657,87.297,87.483,86.278,87.504
 "20061","Geary, KS",4,CAGDP1,3,"...","Current-dollar GDP (thousands of current dollars)","Thousands of dollars",1157873,1218066,1358437,1502282,1635161,1979372,2381577,2648943,2716988,2996596,3091648,3052708,2889321,2893740,2941654,2865020,2899317,2978987,3003509,3111482
 "20063","Gove, KS",4,CAGDP1,1,"...","Real GDP (thousands of chained 2012 dollars)","Thousands of chained 2012 dollars",171304,162332,148525,97472,145041,162296,213371,187880,201217,215759,259383,208568,207420,172179,210134,230718,156589,156065,152348,155147
 "20063","Gove, KS",4,CAGDP1,2,"...","Chain-type quantity indexes for real GDP","Quantity index",82.133,77.831,71.212,46.734,69.541,77.814,102.303,90.081,96.476,103.448,124.364,100.000,99.450,82.553,100.751,110.620,75.078,74.827,73.045,74.387
 "20063","Gove, KS",4,CAGDP1,3,"...","Current-dollar GDP (thousands of current dollars)","Thousands of dollars",122231,114035,109968,77229,114494,130967,183380,166924,164699,189239,255214,208568,211555,173363,196126,204251,143765,148527,146175,148836
 "20065","Graham, KS",4,CAGDP1,1,"...","Real GDP (thousands of chained 2012 dollars)","Thousands of chained 2012 dollars",113894,99104,106433,86287,106059,107194,142645,138075,141116,136097,158632,155583,163329,139544,140215,123113,132986,130788,130081,128804
 "20065","Graham, KS",4,CAGDP1,2,"...","Chain-type quantity indexes for real GDP","Quantity index",73.204,63.699,68.409,55.460,68.169,68.898,91.684,88.747,90.701,87.476,101.960,100.000,104.978,89.691,90.123,79.130,85.476,84.063,83.609,82.788
 "20065","Graham, KS",4,CAGDP1,3,"...","Current-dollar GDP (thousands of current dollars)","Thousands of dollars",79008,68277,78800,67990,89189,92995,132874,139574,115857,123719,161072,155583,169476,142730,126135,107583,120283,123761,123356,118217
 "20067","Grant, KS",4,CAGDP1,1,"...","Real GDP (thousands of chained 2012 dollars)","Thousands of chained 2012 dollars",497951,529249,541774,495094,560148,497775,476485,511392,601113,609237,651437,558411,592223,629755,602696,752234,580591,632022,485625,461610
 "20067","Grant, KS",4,CAGDP1,2,"...","Chain-type quantity indexes for real GDP","Quantity index",89.173,94.778,97.021,88.661,100.311,89.141,85.329,91.580,107.647,109.102,116.659,100.000,106.055,112.776,107.930,134.710,103.972,113.182,86.966,82.665
 "20067","Grant, KS",4,CAGDP1,3,"...","Current-dollar GDP (thousands of current dollars)","Thousands of dollars",303471,305243,360857,364537,431065,386480,402793,470422,456801,515598,643916,558411,610974,626959,501446,580045,479835,535224,405189,371362
 "20069","Gray, KS",4,CAGDP1,1,"...","Real GDP (thousands of chained 2012 dollars)","Thousands of chained 2012 dollars",303331,305316,286328,259520,343502,264554,290914,321651,395809,550410,555512,567879,674841,715048,779584,953169,803988,782754,701121,609623
 "20069","Gray, KS",4,CAGDP1,2,"...","Chain-type quantity indexes for real GDP","Quantity index",53.415,53.764,50.421,45.700,60.489,46.586,51.228,56.641,69.700,96.924,97.822,100.000,118.835,125.916,137.280,167.847,141.577,137.838,123.463,107.351
 "20069","Gray, KS",4,CAGDP1,3,"...","Current-dollar GDP (thousands of current dollars)","Thousands of dollars",201268,198852,196432,191371,245570,192731,230986,261205,302931,452778,541497,567879,695498,709756,706422,792736,705884,685677,621746,529997
 "20071","Greeley, KS",4,CAGDP1,1,"...","Real GDP (thousands of chained 2012 dollars)","Thousands of chained 2012 dollars",116347,65312,131419,66740,93782,58954,105002,92019,91590,112073,108516,102979,115111,94491,80029,123332,178228,171045,159555,160056
 "20071","Greeley, KS",4,CAGDP1,2,"...","Chain-type quantity indexes for real GDP","Quantity index",112.981,63.422,127.617,64.810,91.069,57.249,101.964,89.357,88.941,108.832,105.378,100.000,111.781,91.757,77.714,119.765,173.073,166.097,154.940,155.426
 "20071","Greeley, KS",4,CAGDP1,3,"...","Current-dollar GDP (thousands of current dollars)","Thousands of dollars",74208,40399,88900,50372,70560,45007,89945,82394,69702,93751,106794,102979,118347,93069,72600,105587,162019,152676,141385,135758
 "20073","Greenwood, KS",4,CAGDP1,1,"...","Real GDP (thousands of chained 2012 dollars)","Thousands of chained 2012 dollars",155918,163851,167150,165564,168426,193559,178380,149939,148733,151699,142819,150654,166776,160494,154620,157150,152997,156523,153354,150528
 "20073","Greenwood, KS",4,CAGDP1,2,"...","Chain-type quantity indexes for real GDP","Quantity index",103.494,108.760,110.949,109.897,111.797,128.479,118.404,99.525,98.725,100.694,94.800,100.000,110.701,106.532,102.633,104.312,101.556,103.896,101.793,99.917
 "20073","Greenwood, KS",4,CAGDP1,3,"...","Current-dollar GDP (thousands of current dollars)","Thousands of dollars",111131,117330,126184,132676,137970,162383,162028,142699,137176,144743,141738,150654,171469,165479,152849,154456,153815,160104,158673,155618
 "20075","Hamilton, KS",4,CAGDP1,1,"...","Real GDP (thousands of chained 2012 dollars)","Thousands of chained 2012 dollars",188797,128742,150865,145283,171400,111641,170379,171328,162044,245602,198033,192123,244218,299487,294758,279760,264709,298381,307977,300034
 "20075","Hamilton, KS",4,CAGDP1,2,"...","Chain-type quantity indexes for real GDP","Quantity index",98.269,67.010,78.525,75.620,89.213,58.109,88.682,89.176,84.344,127.836,103.076,100.000,127.115,155.882,153.421,145.615,137.781,155.307,160.302,156.167
 "20075","Hamilton, KS",4,CAGDP1,3,"...","Current-dollar GDP (thousands of current dollars)","Thousands of dollars",117213,75849,100026,108151,123685,81341,138055,146729,117197,197308,193935,192123,252294,289597,246393,210646,212916,237713,246281,232356
 "20077","Harper, KS",4,CAGDP1,1,"...","Real GDP (thousands of chained 2012 dollars)","Thousands of chained 2012 dollars",157593,192818,232538,214483,237215,277648,230666,238402,219271,219505,232239,280089,292739,352310,348155,329435,318338,313968,330280,336793
 "20077","Harper, KS",4,CAGDP1,2,"...","Chain-type quantity indexes for real GDP","Quantity index",56.265,68.842,83.023,76.577,84.693,99.128,82.354,85.117,78.286,78.370,82.916,100.000,104.516,125.785,124.301,117.618,113.656,112.096,117.919,120.245
 "20077","Harper, KS",4,CAGDP1,3,"...","Current-dollar GDP (thousands of current dollars)","Thousands of dollars",114811,140818,180791,178946,198657,233901,214305,231215,198586,206406,230256,280089,302594,362135,291571,269380,272496,279451,295021,299144
 "20079","Harvey, KS",4,CAGDP1,1,"...","Real GDP (thousands of chained 2012 dollars)","Thousands of chained 2012 dollars",941702,982097,1014318,1073775,1065080,1097886,1073516,1142067,1121856,1098475,1145193,1181340,1185638,1150898,1155214,1151628,1118925,1198149,1194007,1154214
 "20079","Harvey, KS",4,CAGDP1,2,"...","Chain-type quantity indexes for real GDP","Quantity index",79.715,83.134,85.862,90.895,90.159,92.936,90.873,96.676,94.965,92.986,96.940,100.000,100.364,97.423,97.788,97.485,94.717,101.423,101.072,97.704
 "20079","Harvey, KS",4,CAGDP1,3,"...","Current-dollar GDP (thousands of current dollars)","Thousands of dollars",738438,786059,825314,892569,907700,960462,977884,1059663,1062454,1047001,1113171,1181340,1219062,1204885,1241586,1261651,1240282,1350842,1387182,1376046
 "20081","Haskell, KS",4,CAGDP1,1,"...","Real GDP (thousands of chained 2012 dollars)","Thousands of chained 2012 dollars",364895,444962,356896,322801,383039,292130,260618,255505,402975,413540,421359,343475,436665,473570,461060,582018,582712,491271,357932,337005
 "20081","Haskell, KS",4,CAGDP1,2,"...","Chain-type quantity indexes for real GDP","Quantity index",106.236,129.547,103.908,93.981,111.519,85.051,75.877,74.388,117.323,120.399,122.675,100.000,127.132,137.876,134.234,169.450,169.652,143.030,104.209,98.116
 "20081","Haskell, KS",4,CAGDP1,3,"...","Current-dollar GDP (thousands of current dollars)","Thousands of dollars",224027,253614,236228,243948,290421,221653,221701,245396,290493,343724,423395,343475,453284,467044,378963,432482,469644,401250,285765,250766
 "20083","Hodgeman, KS",4,CAGDP1,1,"...","Real GDP (thousands of chained 2012 dollars)","Thousands of chained 2012 dollars",53875,48440,57167,50296,68990,41933,60506,94071,97164,109925,102888,96260,137764,127806,177260,177002,159546,156402,161290,155446
 "20083","Hodgeman, KS",4,CAGDP1,2,"...","Chain-type quantity indexes for real GDP","Quantity index",55.968,50.322,59.388,52.250,71.670,43.562,62.857,97.725,100.939,114.196,106.885,100.000,143.116,132.771,184.146,183.878,165.744,162.479,167.556,161.486
 "20083","Hodgeman, KS",4,CAGDP1,3,"...","Current-dollar GDP (thousands of current dollars)","Thousands of dollars",38110,33929,42989,41079,55315,34180,53197,86443,73493,92582,102617,96260,142764,125842,149284,134941,129530,126938,129833,119605
 "20085","Jackson, KS",4,CAGDP1,1,"...","Real GDP (thousands of chained 2012 dollars)","Thousands of chained 2012 dollars",308226,317933,312781,343126,329511,309576,327264,309019,290867,293605,304668,308532,307744,311599,317198,322072,329293,370144,353105,350273
 "20085","Jackson, KS",4,CAGDP1,2,"...","Chain-type quantity indexes for real GDP","Quantity index",99.901,103.047,101.377,111.212,106.800,100.338,106.071,100.158,94.274,95.162,98.748,100.000,99.745,100.994,102.809,104.388,106.729,119.969,114.447,113.529
 "20085","Jackson, KS",4,CAGDP1,3,"...","Current-dollar GDP (thousands of current dollars)","Thousands of dollars",232128,245383,246921,279873,276557,268706,295211,285421,275687,281455,296752,308532,316644,328559,344151,358040,369302,425371,420103,429110
 "20087","Jefferson, KS",4,CAGDP1,1,"...","Real GDP (thousands of chained 2012 dollars)","Thousands of chained 2012 dollars",295520,303907,324513,327960,318283,310924,330844,337521,349819,339966,348570,359228,376442,362424,380142,393853,391865,394754,398250,389694
 "20087","Jefferson, KS",4,CAGDP1,2,"...","Chain-type quantity indexes for real GDP","Quantity index",82.265,84.600,90.336,91.296,88.602,86.553,92.099,93.957,97.381,94.638,97.033,100.000,104.792,100.890,105.822,109.639,109.085,109.890,110.863,108.481
 "20087","Jefferson, KS",4,CAGDP1,3,"...","Current-dollar GDP (thousands of current dollars)","Thousands of dollars",203841,215778,237397,252698,256817,264172,292901,308566,328125,322513,338366,359228,380596,372366,395659,414342,423321,436081,451164,450670
 "20089","Jewell, KS",4,CAGDP1,1,"...","Real GDP (thousands of chained 2012 dollars)","Thousands of chained 2012 dollars",93158,75167,111335,97726,87377,105875,100976,124461,112812,100212,154216,117692,149073,124765,134819,119077,95238,130227,139435,134852
 "20089","Jewell, KS",4,CAGDP1,2,"...","Chain-type quantity indexes for real GDP","Quantity index",79.154,63.867,94.599,83.035,74.242,89.960,85.797,105.751,95.854,85.148,131.034,100.000,126.663,106.010,114.552,101.176,80.921,110.650,118.474,114.580
 "20089","Jewell, KS",4,CAGDP1,3,"...","Current-dollar GDP (thousands of current dollars)","Thousands of dollars",65761,53322,82681,78705,68746,84351,91032,113870,93465,87226,150590,117692,153253,124160,126265,105731,87105,120351,129890,123303
 "20091","Johnson, KS",4,CAGDP1,1,"...","Real GDP (thousands of chained 2012 dollars)","Thousands of chained 2012 dollars",27265496,28644937,29685414,30256355,32490175,35333593,37730182,38847062,37050028,35516402,35313835,36816012,38466146,40033768,41526688,42503367,43583997,44869982,46428493,45975899
 "20091","Johnson, KS",4,CAGDP1,2,"...","Chain-type quantity indexes for real GDP","Quantity index",74.059,77.806,80.632,82.183,88.250,95.973,102.483,105.517,100.636,96.470,95.920,100.000,104.482,108.740,112.795,115.448,118.383,121.876,126.110,124.880
 "20091","Johnson, KS",4,CAGDP1,3,"...","Current-dollar GDP (thousands of current dollars)","Thousands of dollars",22900080,24384679,25573334,26579016,29109033,32317481,35157025,36527508,35686953,34316477,34558662,36816012,39160774,41356929,43589532,45114596,46685678,48937746,51680541,52125360
 "20093","Kearny, KS",4,CAGDP1,1,"...","Real GDP (thousands of chained 2012 dollars)","Thousands of chained 2012 dollars",258391,273295,270887,226395,231145,189329,199659,190204,248598,259383,225759,239057,259654,252618,257037,283721,267023,257969,260732,265580
 "20093","Kearny, KS",4,CAGDP1,2,"...","Chain-type quantity indexes for real GDP","Quantity index",108.088,114.322,113.315,94.703,96.690,79.198,83.519,79.564,103.991,108.502,94.437,100.000,108.616,105.673,107.521,118.684,111.698,107.911,109.067,111.095
 "20093","Kearny, KS",4,CAGDP1,3,"...","Current-dollar GDP (thousands of current dollars)","Thousands of dollars",144807,140725,170095,162724,181568,149961,174022,188228,183104,219755,226491,239057,269703,251568,214082,219888,221026,218487,220651,217117
 "20095","Kingman, KS",4,CAGDP1,1,"...","Real GDP (thousands of chained 2012 dollars)","Thousands of chained 2012 dollars",184083,207057,222789,223101,230923,283998,227618,233053,222681,220070,231893,274852,340029,328149,306921,311464,271382,272293,277391,348925
 "20095","Kingman, KS",4,CAGDP1,2,"...","Chain-type quantity indexes for real GDP","Quantity index",66.975,75.334,81.058,81.172,84.017,103.328,82.815,84.792,81.019,80.068,84.370,100.000,123.714,119.391,111.668,113.321,98.737,99.069,100.924,126.950
 "20095","Kingman, KS",4,CAGDP1,3,"...","Current-dollar GDP (thousands of current dollars)","Thousands of dollars",135809,152944,175343,189200,199813,250445,220251,237177,205239,213155,231168,274852,349720,345371,309952,309519,278562,289195,299922,374692
 "20097","Kiowa, KS",4,CAGDP1,1,"...","Real GDP (thousands of chained 2012 dollars)","Thousands of chained 2012 dollars",106242,115044,144436,128675,123545,126531,125964,108962,111716,107068,113594,116317,140186,111703,121546,124615,115036,129460,112542,123322
 "20097","Kiowa, KS",4,CAGDP1,2,"...","Chain-type quantity indexes for real GDP","Quantity index",91.338,98.905,124.175,110.625,106.214,108.781,108.294,93.676,96.044,92.049,97.659,100.000,120.520,96.033,104.496,107.134,98.899,111.299,96.755,106.022
 "20097","Kiowa, KS",4,CAGDP1,3,"...","Current-dollar GDP (thousands of current dollars)","Thousands of dollars",73565,79084,106404,102576,99667,104079,114886,104974,98840,99824,112974,116317,145101,116844,120099,122832,117182,135995,119771,129071
 "20099","Labette, KS",4,CAGDP1,1,"...","Real GDP (thousands of chained 2012 dollars)","Thousands of chained 2012 dollars",634569,625361,617875,645964,663549,702508,726211,739740,675053,703542,742169,731063,739353,748484,753049,761390,765305,780532,779473,744087
 "20099","Labette, KS",4,CAGDP1,2,"...","Chain-type quantity indexes for real GDP","Quantity index",86.801,85.541,84.517,88.360,90.765,96.094,99.336,101.187,92.339,96.236,101.519,100.000,101.134,102.383,103.007,104.148,104.684,106.767,106.622,101.782
 "20099","Labette, KS",4,CAGDP1,3,"...","Current-dollar GDP (thousands of current dollars)","Thousands of dollars",487242,488254,491201,529084,558262,608650,649868,678936,644646,672544,722753,731063,760944,782713,807458,824341,838743,872215,894721,871616
 "20101","Lane, KS",4,CAGDP1,1,"...","Real GDP (thousands of chained 2012 dollars)","Thousands of chained 2012 dollars",81831,65774,84134,54600,100804,97616,100419,135438,141829,162052,161466,162243,160097,159056,180104,208387,163765,159786,142236,129817
 "20101","Lane, KS",4,CAGDP1,2,"...","Chain-type quantity indexes for real GDP","Quantity index",50.437,40.540,51.857,33.653,62.132,60.166,61.894,83.478,87.418,99.882,99.521,100.000,98.677,98.035,111.008,128.441,100.938,98.486,87.668,80.014
 "20101","Lane, KS",4,CAGDP1,3,"...","Current-dollar GDP (thousands of current dollars)","Thousands of dollars",55002,43437,59380,41261,76946,74449,87282,124912,105411,135147,161612,162243,165892,156910,150013,156073,131777,129784,114521,99824
 "20103","Leavenworth, KS",4,CAGDP1,1,"...","Real GDP (thousands of chained 2012 dollars)","Thousands of chained 2012 dollars",1897322,1982412,2039012,2137463,2159427,2195727,2226483,2304731,2386989,2534020,2564873,2618590,2584498,2542966,2547132,2611388,2645531,2668523,2604170,2562300
 "20103","Leavenworth, KS",4,CAGDP1,2,"...","Chain-type quantity indexes for real GDP","Quantity index",72.456,75.705,77.867,81.626,82.465,83.851,85.026,88.014,91.156,96.770,97.949,100.000,98.698,97.112,97.271,99.725,101.029,101.907,99.449,97.850
 "20103","Leavenworth, KS",4,CAGDP1,3,"...","Current-dollar GDP (thousands of current dollars)","Thousands of dollars",1444707,1558909,1653896,1782695,1863311,1963780,2054634,2165991,2286896,2460525,2527287,2618590,2629154,2644799,2712293,2821243,2901179,2997708,2996141,3017069
 "20105","Lincoln, KS",4,CAGDP1,1,"...","Real GDP (thousands of chained 2012 dollars)","Thousands of chained 2012 dollars",70572,62100,79778,72465,76309,77133,90833,117312,94550,124159,136150,127017,130589,120863,118271,111950,110319,108880,98786,125795
 "20105","Lincoln, KS",4,CAGDP1,2,"...","Chain-type quantity indexes for real GDP","Quantity index",55.561,48.891,62.809,57.052,60.078,60.726,71.513,92.359,74.439,97.750,107.190,100.000,102.812,95.155,93.114,88.138,86.854,85.721,77.774,99.038
 "20105","Lincoln, KS",4,CAGDP1,3,"...","Current-dollar GDP (thousands of current dollars)","Thousands of dollars",52542,47030,62855,61221,63384,65164,85556,112248,86261,116204,135270,127017,134618,127902,124898,116619,117361,118824,110719,141161
 "20107","Linn, KS",4,CAGDP1,1,"...","Real GDP (thousands of chained 2012 dollars)","Thousands of chained 2012 dollars",384722,431978,437784,481989,424532,447397,450336,472551,474247,503769,535367,579091,521359,505320,483672,568633,381639,427896,441336,464947
 "20107","Linn, KS",4,CAGDP1,2,"...","Chain-type quantity indexes for real GDP","Quantity index",66.436,74.596,75.599,83.232,73.310,77.259,77.766,81.602,81.895,86.993,92.450,100.000,90.031,87.261,83.523,98.194,65.903,73.891,76.212,80.289
 "20107","Linn, KS",4,CAGDP1,3,"...","Current-dollar GDP (thousands of current dollars)","Thousands of dollars",311548,339731,360559,407948,374658,420538,428457,450880,495311,514630,548114,579091,537957,554263,532234,609442,418986,484016,510491,533206
 "20109","Logan, KS",4,CAGDP1,1,"...","Real GDP (thousands of chained 2012 dollars)","Thousands of chained 2012 dollars",113149,97882,121530,94755,122627,91686,134832,127175,142748,153329,164690,154927,183231,161557,161142,157171,156433,149140,150559,168538
 "20109","Logan, KS",4,CAGDP1,2,"...","Chain-type quantity indexes for real GDP","Quantity index",73.034,63.180,78.443,61.161,79.151,59.180,87.029,82.087,92.139,98.969,106.302,100.000,118.269,104.280,104.012,101.449,100.972,96.265,97.181,108.786
 "20109","Logan, KS",4,CAGDP1,3,"...","Current-dollar GDP (thousands of current dollars)","Thousands of dollars",79639,69146,90037,74647,97513,74838,119026,116244,117117,136102,164406,154927,189888,165226,147203,140672,145531,144799,148141,164191
 "20111","Lyon, KS",4,CAGDP1,1,"...","Real GDP (thousands of chained 2012 dollars)","Thousands of chained 2012 dollars",1148353,1116515,1150844,1191231,1184992,1189941,1186323,1192447,1127343,1117081,1161524,1173577,1122131,1108308,1100659,1135277,1210759,1357846,1310621,1315623
 "20111","Lyon, KS",4,CAGDP1,2,"...","Chain-type quantity indexes for real GDP","Quantity index",97.851,95.138,98.063,101.504,100.973,101.394,101.086,101.608,96.060,95.186,98.973,100.000,95.616,94.438,93.787,96.736,103.168,115.702,111.677,112.104
 "20111","Lyon, KS",4,CAGDP1,3,"...","Current-dollar GDP (thousands of current dollars)","Thousands of dollars",901684,899156,938321,986855,1001748,1025794,1051909,1088478,1078592,1073903,1123667,1173577,1150302,1163297,1190020,1248782,1336583,1514181,1497650,1551079
 "20113","McPherson, KS",4,CAGDP1,1,"...","Real GDP (thousands of chained 2012 dollars)","Thousands of chained 2012 dollars",1394422,1466955,1561148,1473799,1657505,1872608,1812438,1654491,1736983,1671990,1696694,1437092,1384590,1487368,1555551,1826610,1937080,2099008,2042434,1975391
 "20113","McPherson, KS",4,CAGDP1,2,"...","Chain-type quantity indexes for real GDP","Quantity index",97.031,102.078,108.632,102.554,115.337,130.305,126.118,115.128,120.868,116.345,118.064,100.000,96.347,103.498,108.243,127.105,134.792,146.059,142.123,137.458
 "20113","McPherson, KS",4,CAGDP1,3,"...","Current-dollar GDP (thousands of current dollars)","Thousands of dollars",927906,974649,1071216,1052064,1244253,1483509,1516182,1405758,1471320,1473401,1631494,1437092,1419771,1547980,1646634,1857810,2116097,2499234,2325246,2096816
 "20115","Marion, KS",4,CAGDP1,1,"...","Real GDP (thousands of chained 2012 dollars)","Thousands of chained 2012 dollars",254136,257564,298028,328909,336173,315179,313831,312040,323499,305251,301372,312835,325511,316879,328235,347857,326130,359287,391573,378791
 "20115","Marion, KS",4,CAGDP1,2,"...","Chain-type quantity indexes for real GDP","Quantity index",81.236,82.332,95.267,105.138,107.460,100.749,100.318,99.746,103.409,97.576,96.336,100.000,104.052,101.293,104.923,111.195,104.250,114.849,125.169,121.083
 "20115","Marion, KS",4,CAGDP1,3,"...","Current-dollar GDP (thousands of current dollars)","Thousands of dollars",192643,199256,238759,278803,281152,268196,285981,291983,295970,287664,294089,312835,333716,329118,345027,368429,350598,391624,433958,422742
 "20117","Marshall, KS",4,CAGDP1,1,"...","Real GDP (thousands of chained 2012 dollars)","Thousands of chained 2012 dollars",321818,327242,335831,417317,438189,469635,420661,450380,432082,455508,588879,565260,582443,552515,515609,436391,468566,470338,467741,458072
 "20117","Marshall, KS",4,CAGDP1,2,"...","Chain-type quantity indexes for real GDP","Quantity index",56.933,57.892,59.412,73.827,77.520,83.083,74.419,79.677,76.440,80.584,104.178,100.000,103.040,97.745,91.216,77.202,82.894,83.207,82.748,81.037
 "20117","Marshall, KS",4,CAGDP1,3,"...","Current-dollar GDP (thousands of current dollars)","Thousands of dollars",264563,270389,284379,367634,377220,405693,389988,421703,397745,426977,567994,565260,597277,577909,567338,487054,525739,534812,547449,547578
 "20119","Meade, KS",4,CAGDP1,1,"...","Real GDP (thousands of chained 2012 dollars)","Thousands of chained 2012 dollars",135641,152531,161422,159030,182489,123010,208021,163781,216968,253911,254425,249790,298024,267346,258034,296947,247562,264470,289356,261867
 "20119","Meade, KS",4,CAGDP1,2,"...","Chain-type quantity indexes for real GDP","Quantity index",54.302,61.064,64.623,63.666,73.057,49.246,83.278,65.567,86.860,101.650,101.856,100.000,119.310,107.028,103.300,118.879,99.108,105.877,115.840,104.835
 "20119","Meade, KS",4,CAGDP1,3,"...","Current-dollar GDP (thousands of current dollars)","Thousands of dollars",88985,98635,112712,120833,136965,94367,174024,143816,165817,212751,250347,249790,308314,267323,236208,257594,225660,243509,271248,242583
 "20121","Miami, KS",4,CAGDP1,1,"...","Real GDP (thousands of chained 2012 dollars)","Thousands of chained 2012 dollars",606738,655408,653207,685385,669930,660945,702710,711993,685881,693403,704273,680904,708031,714111,750405,802010,832406,875106,878673,870369
 "20121","Miami, KS",4,CAGDP1,2,"...","Chain-type quantity indexes for real GDP","Quantity index",89.108,96.256,95.932,100.658,98.388,97.069,103.202,104.566,100.731,101.836,103.432,100.000,103.984,104.877,110.207,117.786,122.250,128.521,129.045,127.826
 "20121","Miami, KS",4,CAGDP1,3,"...","Current-dollar GDP (thousands of current dollars)","Thousands of dollars",454846,503764,514469,559046,567294,581670,639713,664020,655028,667211,688331,680904,727221,749754,803050,872178,920078,990274,1021197,1035345
 "20123","Mitchell, KS",4,CAGDP1,1,"...","Real GDP (thousands of chained 2012 dollars)","Thousands of chained 2012 dollars",253396,236576,285131,288140,290968,308369,291341,343596,310818,326461,369454,363406,370675,381059,362720,359532,368208,397227,417815,422965
 "20123","Mitchell, KS",4,CAGDP1,2,"...","Chain-type quantity indexes for real GDP","Quantity index",69.728,65.100,78.461,79.289,80.067,84.855,80.170,94.549,85.529,89.834,101.664,100.000,102.000,104.858,99.811,98.934,101.322,109.307,114.972,116.389
 "20123","Mitchell, KS",4,CAGDP1,3,"...","Current-dollar GDP (thousands of current dollars)","Thousands of dollars",189952,179084,222251,235843,236613,254596,261761,313546,275854,298639,359293,363406,382271,396110,378009,376773,390928,430424,464102,477774
 "20125","Montgomery, KS",4,CAGDP1,1,"...","Real GDP (thousands of chained 2012 dollars)","Thousands of chained 2012 dollars",1341571,1334079,1463914,1330488,1798751,1414266,1763858,1473696,1551689,1462908,1559953,1415277,1336187,1396891,1278593,1401009,1451863,1601484,1723501,1774966
 "20125","Montgomery, KS",4,CAGDP1,2,"...","Chain-type quantity indexes for real GDP","Quantity index",94.792,94.263,103.437,94.009,127.095,99.929,124.630,104.128,109.639,103.366,110.222,100.000,94.412,98.701,90.342,98.992,102.585,113.157,121.778,125.415
 "20125","Montgomery, KS",4,CAGDP1,3,"...","Current-dollar GDP (thousands of current dollars)","Thousands of dollars",931469,925430,1049075,987063,1434838,1189464,1537598,1304270,1348211,1327507,1513964,1415277,1359330,1442768,1337101,1408801,1564346,1885676,1904749,1743775
 "20127","Morris, KS",4,CAGDP1,1,"...","Real GDP (thousands of chained 2012 dollars)","Thousands of chained 2012 dollars",132560,139878,145695,143790,140523,139965,133841,132652,165923,154465,153505,149655,151421,149708,162748,182708,174653,208613,188196,189998
 "20127","Morris, KS",4,CAGDP1,2,"...","Chain-type quantity indexes for real GDP","Quantity index",88.577,93.467,97.354,96.081,93.897,93.525,89.433,88.638,110.870,103.214,102.572,100.000,101.180,100.035,108.749,122.086,116.703,139.396,125.753,126.957
 "20127","Morris, KS",4,CAGDP1,3,"...","Current-dollar GDP (thousands of current dollars)","Thousands of dollars",100664,108241,115613,118423,118113,121856,121195,122626,150894,144425,150220,149655,155717,153929,163208,177868,175086,210681,192882,195382
 "20129","Morton, KS",4,CAGDP1,1,"...","Real GDP (thousands of chained 2012 dollars)","Thousands of chained 2012 dollars",184910,165693,171246,178998,200141,178386,158780,155716,167825,172650,148703,159280,168573,158595,123882,115663,160483,157743,139749,150566
 "20129","Morton, KS",4,CAGDP1,2,"...","Chain-type quantity indexes for real GDP","Quantity index",116.091,104.026,107.512,112.379,125.654,111.995,99.686,97.763,105.365,108.394,93.359,100.000,105.834,99.570,77.776,72.616,100.755,99.035,87.738,94.529
 "20129","Morton, KS",4,CAGDP1,3,"...","Current-dollar GDP (thousands of current dollars)","Thousands of dollars",119682,100383,125082,145796,173941,155814,150494,168894,139580,161115,151972,159280,175001,161000,106605,97499,143738,145110,127029,130292
 "20131","Nemaha, KS",4,CAGDP1,1,"...","Real GDP (thousands of chained 2012 dollars)","Thousands of chained 2012 dollars",317733,296869,308151,369735,359659,304933,355454,365046,408708,394136,478233,443863,441371,438902,401387,402586,458797,464952,391116,426018
 "20131","Nemaha, KS",4,CAGDP1,2,"...","Chain-type quantity indexes for real GDP","Quantity index",71.584,66.883,69.425,83.299,81.029,68.700,80.082,82.243,92.080,88.797,107.743,100.000,99.438,98.882,90.430,90.701,103.365,104.751,88.116,95.980
 "20131","Nemaha, KS",4,CAGDP1,3,"...","Current-dollar GDP (thousands of current dollars)","Thousands of dollars",241297,228395,243317,305089,294222,254807,312534,327084,354975,354024,463180,443863,453388,453997,420508,429689,496551,509988,439917,490089
 "20133","Neosho, KS",4,CAGDP1,1,"...","Real GDP (thousands of chained 2012 dollars)","Thousands of chained 2012 dollars",478759,501427,523280,533131,552993,600331,595353,581177,531841,547201,537725,553519,539799,522328,492009,492472,502707,516292,568001,527388
 "20133","Neosho, KS",4,CAGDP1,2,"...","Chain-type quantity indexes for real GDP","Quantity index",86.494,90.589,94.537,96.317,99.905,108.457,107.558,104.997,96.084,98.859,97.147,100.000,97.521,94.365,88.887,88.971,90.820,93.275,102.616,95.279
 "20133","Neosho, KS",4,CAGDP1,3,"...","Current-dollar GDP (thousands of current dollars)","Thousands of dollars",397867,421156,444313,463070,489709,540556,555412,555455,499149,522710,524958,553519,555051,545611,518376,525262,545534,573755,644192,610456
 "20135","Ness, KS",4,CAGDP1,1,"...","Real GDP (thousands of chained 2012 dollars)","Thousands of chained 2012 dollars",114288,119786,136742,118728,130049,129828,169320,185911,178657,175151,162303,190753,188670,165598,161696,172689,173438,182716,186109,192308
 "20135","Ness, KS",4,CAGDP1,2,"...","Chain-type quantity indexes for real GDP","Quantity index",59.914,62.796,71.686,62.242,68.177,68.061,88.764,97.462,93.659,91.821,85.086,100.000,98.908,86.813,84.767,90.530,90.923,95.787,97.566,100.815
 "20135","Ness, KS",4,CAGDP1,3,"...","Current-dollar GDP (thousands of current dollars)","Thousands of dollars",82224,85255,105412,98730,113024,115734,162764,193068,152528,164459,166030,190753,196174,171873,146108,152320,160144,175263,177968,177022
 "20137","Norton, KS",4,CAGDP1,1,"...","Real GDP (thousands of chained 2012 dollars)","Thousands of chained 2012 dollars",201618,182571,199784,198952,226060,210243,234986,210694,229567,266999,261600,241311,283872,252889,232735,256956,223584,212622,226168,236493
 "20137","Norton, KS",4,CAGDP1,2,"...","Chain-type quantity indexes for real GDP","Quantity index",83.551,75.658,82.791,82.446,93.680,87.125,97.379,87.312,95.133,110.645,108.408,100.000,117.637,104.798,96.446,106.483,92.654,88.111,93.725,98.003
 "20137","Norton, KS",4,CAGDP1,3,"...","Current-dollar GDP (thousands of current dollars)","Thousands of dollars",143435,131177,148698,155908,175216,165446,202380,185490,197555,239504,256761,241311,291967,257704,231732,253602,225630,218778,237077,248921
 "20139","Osage, KS",4,CAGDP1,1,"...","Real GDP (thousands of chained 2012 dollars)","Thousands of chained 2012 dollars",222400,227786,225069,242653,232211,230571,239426,251603,288235,252655,245124,263558,262623,257205,268189,270669,267372,297439,291580,290191
 "20139","Osage, KS",4,CAGDP1,2,"...","Chain-type quantity indexes for real GDP","Quantity index",84.384,86.427,85.396,92.068,88.106,87.484,90.844,95.464,109.363,95.863,93.006,100.000,99.645,97.589,101.757,102.698,101.447,112.855,110.632,110.105
 "20139","Osage, KS",4,CAGDP1,3,"...","Current-dollar GDP (thousands of current dollars)","Thousands of dollars",167398,175654,178738,201248,197503,203695,218034,234411,272127,242471,239362,263558,268748,268400,287368,295687,298102,338570,339925,344324
 "20141","Osborne, KS",4,CAGDP1,1,"...","Real GDP (thousands of chained 2012 dollars)","Thousands of chained 2012 dollars",127352,121044,136673,124386,126164,139809,137230,155070,159046,169624,193843,160447,171708,162733,168013,151940,162222,167818,165896,163332
 "20141","Osborne, KS",4,CAGDP1,2,"...","Chain-type quantity indexes for real GDP","Quantity index",79.373,75.442,85.182,77.524,78.633,87.137,85.530,96.648,99.127,105.719,120.814,100.000,107.018,101.425,104.715,94.698,101.106,104.594,103.396,101.798
 "20141","Osborne, KS",4,CAGDP1,3,"...","Current-dollar GDP (thousands of current dollars)","Thousands of dollars",92290,88025,103612,99751,101333,114804,123060,142714,137542,152580,188638,160447,176923,167000,167872,149756,163473,173019,176570,176231
 "20143","Ottawa, KS",4,CAGDP1,1,"...","Real GDP (thousands of chained 2012 dollars)","Thousands of chained 2012 dollars",109526,116215,128408,132456,122791,149072,118532,142183,134984,134534,133966,128255,125618,114654,110385,105971,108805,108638,101593,110859
 "20143","Ottawa, KS",4,CAGDP1,2,"...","Chain-type quantity indexes for real GDP","Quantity index",85.397,90.612,100.119,103.275,95.740,116.231,92.419,110.860,105.247,104.895,104.453,100.000,97.944,89.395,86.067,82.625,84.835,84.705,79.211,86.436
 "20143","Ottawa, KS",4,CAGDP1,3,"...","Current-dollar GDP (thousands of current dollars)","Thousands of dollars",79387,85230,98182,107960,98488,121077,106052,129602,116420,121065,130558,128255,129152,118933,116757,114136,119289,122217,117942,131186
 "20145","Pawnee, KS",4,CAGDP1,1,"...","Real GDP (thousands of chained 2012 dollars)","Thousands of chained 2012 dollars",258306,252225,249585,255968,276465,253404,247438,280573,296348,289155,282944,293617,345761,336977,367565,425423,302612,289332,296129,283126
 "20145","Pawnee, KS",4,CAGDP1,2,"...","Chain-type quantity indexes for real GDP","Quantity index",87.974,85.903,85.004,87.178,94.159,86.304,84.272,95.558,100.930,98.481,96.365,100.000,117.759,114.768,125.185,144.891,103.063,98.541,100.856,96.427
 "20145","Pawnee, KS",4,CAGDP1,3,"...","Current-dollar GDP (thousands of current dollars)","Thousands of dollars",185653,181814,188268,204614,221273,207903,215606,251776,253342,260245,276754,293617,357097,343571,355252,389935,289434,281256,292361,281508
 "20147","Phillips, KS",4,CAGDP1,1,"...","Real GDP (thousands of chained 2012 dollars)","Thousands of chained 2012 dollars",300407,278589,309450,221069,299643,333686,322958,245842,277393,243595,291056,225868,242497,264036,281144,330643,334103,365737,384490,397344
 "20147","Phillips, KS",4,CAGDP1,2,"...","Chain-type quantity indexes for real GDP","Quantity index",133.001,123.342,137.005,97.875,132.663,147.735,142.985,108.843,122.812,107.848,128.861,100.000,107.362,116.899,124.473,146.388,147.920,161.925,170.228,175.919
 "20147","Phillips, KS",4,CAGDP1,3,"...","Current-dollar GDP (thousands of current dollars)","Thousands of dollars",179420,159958,194028,148479,216895,257112,270306,207827,214595,205569,282178,225868,248708,269117,276542,297655,332866,411248,398386,361174
 "20149","Pottawatomie, KS",4,CAGDP1,1,"...","Real GDP (thousands of chained 2012 dollars)","Thousands of chained 2012 dollars",1170499,1169426,1169293,1207217,1254341,1341434,1330801,1306187,1305192,1398031,1583715,1555561,1539610,1318001,1361219,1300950,1295662,1298356,1117860,1093410
 "20149","Pottawatomie, KS",4,CAGDP1,2,"...","Chain-type quantity indexes for real GDP","Quantity index",75.246,75.177,75.169,77.607,80.636,86.235,85.551,83.969,83.905,89.873,101.810,100.000,98.975,84.728,87.507,83.632,83.292,83.465,71.862,70.290
 "20149","Pottawatomie, KS",4,CAGDP1,3,"...","Current-dollar GDP (thousands of current dollars)","Thousands of dollars",893932,885562,910125,960594,1044138,1187267,1200663,1209653,1285260,1363147,1572912,1555561,1590510,1419693,1490485,1414579,1425578,1459051,1298204,1288587
 "20151","Pratt, KS",4,CAGDP1,1,"...","Real GDP (thousands of chained 2012 dollars)","Thousands of chained 2012 dollars",322659,367625,381192,366950,368137,419098,404622,427158,412785,417078,466703,486464,518335,510629,491758,504824,522630,521946,584382,557276
 "20151","Pratt, KS",4,CAGDP1,2,"...","Chain-type quantity indexes for real GDP","Quantity index",66.327,75.571,78.360,75.432,75.676,86.152,83.176,87.809,84.854,85.737,95.938,100.000,106.552,104.968,101.088,103.774,107.434,107.294,120.128,114.557
 "20151","Pratt, KS",4,CAGDP1,3,"...","Current-dollar GDP (thousands of current dollars)","Thousands of dollars",229734,262966,286669,293141,297715,349153,359511,394169,365452,382761,455016,486464,531997,522326,488063,488359,520940,529590,605161,577840
 "20153","Rawlins, KS",4,CAGDP1,1,"...","Real GDP (thousands of chained 2012 dollars)","Thousands of chained 2012 dollars",124809,104900,108845,69573,84772,71983,101835,127632,112314,140570,150159,121068,184028,147536,129261,121351,123517,117202,117585,142977
 "20153","Rawlins, KS",4,CAGDP1,2,"...","Chain-type quantity indexes for real GDP","Quantity index",103.090,86.645,89.904,57.466,70.020,59.457,84.114,105.422,92.769,116.108,124.028,100.000,152.003,121.862,106.767,100.233,102.022,96.806,97.123,118.096
 "20153","Rawlins, KS",4,CAGDP1,3,"...","Current-dollar GDP (thousands of current dollars)","Thousands of dollars",85225,70561,77526,52699,65881,57505,87827,113175,90655,120756,146950,121068,189509,148365,115087,107667,113068,110576,112762,137312
 "20155","Reno, KS",4,CAGDP1,1,"...","Real GDP (thousands of chained 2012 dollars)","Thousands of chained 2012 dollars",2064144,2027450,2071160,2106611,2139732,2220974,2154393,2252040,2187431,2234204,2206145,2234611,2234423,2214222,2183304,2132270,2254450,2287785,2322364,2285662
 "20155","Reno, KS",4,CAGDP1,2,"...","Chain-type quantity indexes for real GDP","Quantity index",92.372,90.729,92.685,94.272,95.754,99.390,96.410,100.780,97.889,99.982,98.726,100.000,99.992,99.088,97.704,95.420,100.888,102.380,103.927,102.285
 "20155","Reno, KS",4,CAGDP1,3,"...","Current-dollar GDP (thousands of current dollars)","Thousands of dollars",1591241,1594549,1658970,1738241,1806786,1922807,1943410,2080779,2070627,2137945,2149678,2234611,2289122,2308528,2316800,2296017,2458335,2542680,2645130,2664365
 "20157","Republic, KS",4,CAGDP1,1,"...","Real GDP (thousands of chained 2012 dollars)","Thousands of chained 2012 dollars",190124,208017,190155,175024,161332,167179,172296,203056,224170,195946,242921,211309,233079,210044,218441,228729,204974,202709,218773,202298
 "20157","Republic, KS",4,CAGDP1,2,"...","Chain-type quantity indexes for real GDP","Quantity index",89.974,98.442,89.989,82.828,76.349,79.116,81.537,96.094,106.086,92.729,114.960,100.000,110.302,99.401,103.375,108.243,97.002,95.930,103.532,95.735
 "20157","Republic, KS",4,CAGDP1,3,"...","Current-dollar GDP (thousands of current dollars)","Thousands of dollars",137052,149547,142841,139678,127455,134841,151978,181757,184258,170367,235723,211309,239092,211494,212533,214303,199169,199192,218945,201941
 "20159","Rice, KS",4,CAGDP1,1,"...","Real GDP (thousands of chained 2012 dollars)","Thousands of chained 2012 dollars",243356,240197,281752,305669,311744,319925,312950,356019,371120,374027,419197,417431,425071,447749,491739,463387,500898,509711,624383,584050
 "20159","Rice, KS",4,CAGDP1,2,"...","Chain-type quantity indexes for real GDP","Quantity index",58.298,57.542,67.497,73.226,74.682,76.641,74.970,85.288,88.906,89.602,100.423,100.000,101.830,107.263,117.801,111.009,119.995,122.106,149.577,139.915
 "20159","Rice, KS",4,CAGDP1,3,"...","Current-dollar GDP (thousands of current dollars)","Thousands of dollars",175926,176210,215085,245698,250236,261647,273415,323680,319531,338747,410256,417431,433605,454141,478535,436931,487855,502413,624570,592062
 "20161","Riley, KS",4,CAGDP1,1,"...","Real GDP (thousands of chained 2012 dollars)","Thousands of chained 2012 dollars",1910830,1936463,2015891,2082384,2104595,2158277,2263715,2359266,2312479,2341461,2374272,2424242,2422419,2481339,2494255,2509374,2475586,2431925,2438944,2370597
 "20161","Riley, KS",4,CAGDP1,2,"...","Chain-type quantity indexes for real GDP","Quantity index",78.822,79.879,83.156,85.898,86.815,89.029,93.378,97.320,95.390,96.585,97.939,100.000,99.925,102.355,102.888,103.512,102.118,100.317,100.606,97.787
 "20161","Riley, KS",4,CAGDP1,3,"...","Current-dollar GDP (thousands of current dollars)","Thousands of dollars",1447410,1506664,1606492,1711377,1778390,1883647,2043816,2177138,2192170,2248317,2319135,2424242,2487825,2604824,2683763,2744265,2752340,2770256,2846996,2848478
 "20163","Rooks, KS",4,CAGDP1,1,"...","Real GDP (thousands of chained 2012 dollars)","Thousands of chained 2012 dollars",167491,167794,160595,151324,162787,172420,192789,216795,208924,202368,234241,220148,237798,217200,214267,216306,223798,202341,181885,190756
 "20163","Rooks, KS",4,CAGDP1,2,"...","Chain-type quantity indexes for real GDP","Quantity index",76.081,76.218,72.948,68.737,73.944,78.320,87.572,98.477,94.902,91.923,106.401,100.000,108.017,98.661,97.328,98.254,101.658,91.911,82.619,86.649
 "20163","Rooks, KS",4,CAGDP1,3,"...","Current-dollar GDP (thousands of current dollars)","Thousands of dollars",122199,121480,124316,124594,143626,156121,182220,220003,182534,190418,237248,220148,246660,226186,203374,204139,219301,205916,185048,189749
 "20165","Rush, KS",4,CAGDP1,1,"...","Real GDP (thousands of chained 2012 dollars)","Thousands of chained 2012 dollars",122873,144235,128534,113122,125623,130656,133954,138203,131716,138949,141282,149931,146026,137943,138809,135086,122469,143736,155966,155519
 "20165","Rush, KS",4,CAGDP1,2,"...","Chain-type quantity indexes for real GDP","Quantity index",81.953,96.201,85.729,75.449,83.787,87.144,89.344,92.178,87.851,92.675,94.232,100.000,97.396,92.004,92.582,90.098,81.683,95.868,104.025,103.727
 "20165","Rush, KS",4,CAGDP1,3,"...","Current-dollar GDP (thousands of current dollars)","Thousands of dollars",91339,105460,99310,92416,101837,107715,119889,127676,116100,127210,139416,149931,150223,140214,134263,127059,117914,141254,155355,153151
 "20167","Russell, KS",4,CAGDP1,1,"...","Real GDP (thousands of chained 2012 dollars)","Thousands of chained 2012 dollars",205798,214689,229986,218336,250548,281542,316797,300711,315170,315135,328939,306760,290239,303456,298099,326025,329658,261442,256462,262542
 "20167","Russell, KS",4,CAGDP1,2,"...","Chain-type quantity indexes for real GDP","Quantity index",67.088,69.986,74.973,71.175,81.675,91.779,103.272,98.028,102.741,102.730,107.230,100.000,94.614,98.923,97.176,106.280,107.464,85.227,83.603,85.585
 "20167","Russell, KS",4,CAGDP1,3,"...","Current-dollar GDP (thousands of current dollars)","Thousands of dollars",140024,146546,166587,165781,203410,239200,283398,283079,262897,284404,327630,306760,299735,314217,280931,290720,319209,269111,263182,262054
 "20169","Saline, KS",4,CAGDP1,1,"...","Real GDP (thousands of chained 2012 dollars)","Thousands of chained 2012 dollars",2352786,2378751,2413382,2479919,2568278,2690434,2650084,2680238,2525478,2526489,2548780,2542793,2570049,2570030,2606825,2625956,2640325,2665627,2602044,2480833
 "20169","Saline, KS",4,CAGDP1,2,"...","Chain-type quantity indexes for real GDP","Quantity index",92.528,93.549,94.911,97.527,101.002,105.806,104.219,105.405,99.319,99.359,100.235,100.000,101.072,101.071,102.518,103.271,103.836,104.831,102.330,97.563
 "20169","Saline, KS",4,CAGDP1,3,"...","Current-dollar GDP (thousands of current dollars)","Thousands of dollars",1832600,1887122,1939883,2039809,2167848,2327549,2372712,2455386,2399480,2413813,2472351,2542793,2629935,2679465,2786987,2850037,2891551,2972858,2980982,2921046
 "20171","Scott, KS",4,CAGDP1,1,"...","Real GDP (thousands of chained 2012 dollars)","Thousands of chained 2012 dollars",278294,221051,228229,155309,274169,214481,146803,266433,398997,483168,492042,358934,456032,489593,570246,652721,538243,463513,349188,322982
 "20171","Scott, KS",4,CAGDP1,2,"...","Chain-type quantity indexes for real GDP","Quantity index",77.533,61.586,63.585,43.269,76.384,59.755,40.900,74.229,111.162,134.612,137.084,100.000,127.052,136.402,158.872,181.850,149.956,129.136,97.285,89.984
 "20171","Scott, KS",4,CAGDP1,3,"...","Current-dollar GDP (thousands of current dollars)","Thousands of dollars",191793,147797,162953,118449,204679,160470,118434,222297,286445,385484,481128,358934,469168,478719,487793,503136,443542,380637,288608,264195
 "20173","Sedgwick, KS",4,CAGDP1,1,"...","Real GDP (thousands of chained 2012 dollars)","Thousands of chained 2012 dollars",23046554,22807075,22160482,22156496,22254721,24628849,26493856,26338216,23119979,24405138,25053413,25044940,23458112,25129770,26578806,28529319,29303637,29040351,29529249,27591664
 "20173","Sedgwick, KS",4,CAGDP1,2,"...","Chain-type quantity indexes for real GDP","Quantity index",92.021,91.065,88.483,88.467,88.859,98.339,105.785,105.164,92.314,97.445,100.034,100.000,93.664,100.339,106.124,113.913,117.004,115.953,117.905,110.169
 "20173","Sedgwick, KS",4,CAGDP1,3,"...","Current-dollar GDP (thousands of current dollars)","Thousands of dollars",18209197,18336298,18195779,18624520,19249618,21903336,24154444,24396349,22147719,23508682,24497128,25044940,23972287,26144157,28227920,30651395,31884411,32202162,33355914,31629471
 "20175","Seward, KS",4,CAGDP1,1,"...","Real GDP (thousands of chained 2012 dollars)","Thousands of chained 2012 dollars",927776,951305,950089,946598,990254,1025573,1024580,1073532,1058763,1047567,1067152,1101511,1217323,1348077,1396149,1297013,1213964,1245253,1157326,1189257
 "20175","Seward, KS",4,CAGDP1,2,"...","Chain-type quantity indexes for real GDP","Quantity index",84.228,86.364,86.253,85.936,89.900,93.106,93.016,97.460,96.119,95.103,96.881,100.000,110.514,122.384,126.748,117.748,110.209,113.049,105.067,107.966
 "20175","Seward, KS",4,CAGDP1,3,"...","Current-dollar GDP (thousands of current dollars)","Thousands of dollars",650452,676169,702530,720542,787814,840053,865584,961592,946008,963844,1032063,1101511,1248238,1398851,1439578,1324636,1253459,1292634,1224681,1292195
 "20177","Shawnee, KS",4,CAGDP1,1,"...","Real GDP (thousands of chained 2012 dollars)","Thousands of chained 2012 dollars",8245245,8338062,8386840,8569696,8530610,8222969,8596966,8693457,8561014,8586845,8930586,8990615,8719936,8965818,9022061,9218114,9281647,9589193,9391170,9399237
 "20177","Shawnee, KS",4,CAGDP1,2,"...","Chain-type quantity indexes for real GDP","Quantity index",91.709,92.742,93.284,95.318,94.883,91.462,95.622,96.695,95.222,95.509,99.332,100.000,96.989,99.724,100.350,102.530,103.237,106.658,104.455,104.545
 "20177","Shawnee, KS",4,CAGDP1,3,"...","Current-dollar GDP (thousands of current dollars)","Thousands of dollars",6388076,6609513,6771746,7071052,7245593,7236640,7785283,8041222,8172086,8268657,8717704,8990615,8916660,9358656,9649298,10011545,10164240,10703217,10715580,11026082
 "20179","Sheridan, KS",4,CAGDP1,1,"...","Real GDP (thousands of chained 2012 dollars)","Thousands of chained 2012 dollars",112652,98818,119853,103318,141440,71292,162286,136931,172783,145725,162216,155923,201859,153112,155467,178510,140475,107916,103768,133084
 "20179","Sheridan, KS",4,CAGDP1,2,"...","Chain-type quantity indexes for real GDP","Quantity index",72.249,63.376,76.867,66.262,90.711,45.722,104.081,87.819,110.813,93.460,104.036,100.000,129.460,98.197,99.707,114.486,90.092,69.211,66.551,85.352
 "20179","Sheridan, KS",4,CAGDP1,3,"...","Current-dollar GDP (thousands of current dollars)","Thousands of dollars",81418,69749,90341,85509,110204,56350,142382,122881,134599,123697,158792,155923,208069,152707,144750,158780,130357,103030,101341,129842
 "20181","Sherman, KS",4,CAGDP1,1,"...","Real GDP (thousands of chained 2012 dollars)","Thousands of chained 2012 dollars",249257,199802,224166,183512,232577,203507,296052,250957,306363,314230,321212,303919,349897,271093,269521,264797,269168,277664,277223,284558
 "20181","Sherman, KS",4,CAGDP1,2,"...","Chain-type quantity indexes for real GDP","Quantity index",82.014,65.742,73.758,60.382,76.526,66.961,97.411,82.574,100.804,103.393,105.690,100.000,115.128,89.199,88.682,87.127,88.566,91.361,91.216,93.630
 "20181","Sherman, KS",4,CAGDP1,3,"...","Current-dollar GDP (thousands of current dollars)","Thousands of dollars",171787,138986,161116,137666,176499,157999,250154,216297,247252,269943,312104,303919,359770,274661,269046,262802,273434,287719,294486,303742
 "20183","Smith, KS",4,CAGDP1,1,"...","Real GDP (thousands of chained 2012 dollars)","Thousands of chained 2012 dollars",134395,109302,137513,119571,134845,167134,147943,159809,164813,170675,204712,153862,174871,141267,163675,131361,122683,146424,161018,173358
 "20183","Smith, KS",4,CAGDP1,2,"...","Chain-type quantity indexes for real GDP","Quantity index",87.348,71.039,89.374,77.713,87.640,108.626,96.153,103.865,107.117,110.927,133.049,100.000,113.654,91.814,106.377,85.376,79.735,95.166,104.651,112.671
 "20183","Smith, KS",4,CAGDP1,3,"...","Current-dollar GDP (thousands of current dollars)","Thousands of dollars",96934,78887,102564,94169,103835,128096,129036,141073,132930,146085,198759,153862,179307,142925,161384,126366,121001,146843,164510,175359
 "20185","Stafford, KS",4,CAGDP1,1,"...","Real GDP (thousands of chained 2012 dollars)","Thousands of chained 2012 dollars",129167,167612,161740,161805,164717,183139,160896,149591,202219,171831,170091,155772,173543,162877,168364,203877,173923,184925,195286,207651
 "20185","Stafford, KS",4,CAGDP1,2,"...","Chain-type quantity indexes for real GDP","Quantity index",82.921,107.601,103.831,103.873,105.742,117.568,103.289,96.032,129.817,110.309,109.192,100.000,111.408,104.561,108.083,130.881,111.653,118.715,125.366,133.305
 "20185","Stafford, KS",4,CAGDP1,3,"...","Current-dollar GDP (thousands of current dollars)","Thousands of dollars",87739,111861,118024,130330,131071,145643,147018,146668,162254,153503,172073,155772,180234,165570,149771,172244,156420,169735,177600,181655
 "20187","Stanton, KS",4,CAGDP1,1,"...","Real GDP (thousands of chained 2012 dollars)","Thousands of chained 2012 dollars",134815,127928,132725,121934,155695,100321,170700,150624,181337,204208,208594,158211,202883,167980,179478,184606,204123,192009,242385,234000
 "20187","Stanton, KS",4,CAGDP1,2,"...","Chain-type quantity indexes for real GDP","Quantity index",85.212,80.859,83.891,77.071,98.410,63.410,107.894,95.204,114.618,129.073,131.845,100.000,128.236,106.175,113.442,116.684,129.019,121.363,153.204,147.904
 "20187","Stanton, KS",4,CAGDP1,3,"...","Current-dollar GDP (thousands of current dollars)","Thousands of dollars",81505,73118,88200,90405,120299,78591,146246,140016,135786,170989,206699,158211,209542,167515,156130,150825,176839,169369,214720,199568
 "20189","Stevens, KS",4,CAGDP1,1,"...","Real GDP (thousands of chained 2012 dollars)","Thousands of chained 2012 dollars",357358,326586,346127,352487,338737,268490,339530,315665,349900,347503,349922,329459,396076,353055,298704,335059,338177,314879,337332,352521
 "20189","Stevens, KS",4,CAGDP1,2,"...","Chain-type quantity indexes for real GDP","Quantity index",108.468,99.128,105.059,106.990,102.816,81.494,103.057,95.813,106.204,105.477,106.211,100.000,120.220,107.162,90.665,101.700,102.646,95.575,102.390,107.000
 "20189","Stevens, KS",4,CAGDP1,3,"...","Current-dollar GDP (thousands of current dollars)","Thousands of dollars",206643,174706,229245,263285,279090,224806,308230,331113,271684,306796,351738,329459,411057,359540,267420,287149,307886,292103,310519,305965
 "20191","Sumner, KS",4,CAGDP1,1,"...","Real GDP (thousands of chained 2012 dollars)","Thousands of chained 2012 dollars",498012,484844,534853,573190,568542,707059,644612,696782,623680,645451,606083,682159,622301,620194,609142,626075,626398,643744,711201,658477
 "20191","Sumner, KS",4,CAGDP1,2,"...","Chain-type quantity indexes for real GDP","Quantity index",73.005,71.075,78.406,84.026,83.344,103.650,94.496,102.144,91.427,94.619,88.848,100.000,91.225,90.916,89.296,91.778,91.826,94.369,104.257,96.528
 "20191","Sumner, KS",4,CAGDP1,3,"...","Current-dollar GDP (thousands of current dollars)","Thousands of dollars",361811,360153,411112,463341,462819,586163,576403,641466,555549,596526,591286,682159,639240,645122,635836,660192,669679,705039,798024,749307
 "20193","Thomas, KS",4,CAGDP1,1,"...","Real GDP (thousands of chained 2012 dollars)","Thousands of chained 2012 dollars",348698,295927,336705,285023,356673,306531,423737,427413,390082,497967,510335,464513,517826,422630,389831,447109,440358,470788,483434,540529
 "20193","Thomas, KS",4,CAGDP1,2,"...","Chain-type quantity indexes for real GDP","Quantity index",75.067,63.707,72.486,61.360,76.784,65.990,91.222,92.013,83.977,107.202,109.865,100.000,111.477,90.984,83.923,96.253,94.800,101.351,104.073,116.365
 "20193","Thomas, KS",4,CAGDP1,3,"...","Current-dollar GDP (thousands of current dollars)","Thousands of dollars",249801,213350,249307,219127,278601,246900,363558,376220,333248,442525,497280,464513,532164,433325,399056,457760,457309,497791,522554,589461
 "20195","Trego, KS",4,CAGDP1,1,"...","Real GDP (thousands of chained 2012 dollars)","Thousands of chained 2012 dollars",99717,98510,109201,87916,106533,94322,135989,154738,161345,167937,143245,167954,185053,192574,199810,163199,160227,170886,165140,161973
 "20195","Trego, KS",4,CAGDP1,2,"...","Chain-type quantity indexes for real GDP","Quantity index",59.371,58.653,65.018,52.345,63.430,56.159,80.968,92.131,96.065,99.990,85.288,100.000,110.180,114.658,118.967,97.169,95.399,101.745,98.325,96.439
 "20195","Trego, KS",4,CAGDP1,3,"...","Current-dollar GDP (thousands of current dollars)","Thousands of dollars",71319,70896,82309,70048,87351,79989,122507,147901,137294,153323,142525,167954,191554,197971,190423,150435,152613,166269,162014,156023
 "20197","Wabaunsee, KS",4,CAGDP1,1,"...","Real GDP (thousands of chained 2012 dollars)","Thousands of chained 2012 dollars",113905,135733,104011,106562,111307,108438,125259,160443,128761,109006,121068,140874,138455,135345,134905,122940,125531,144744,140330,136101
 "20197","Wabaunsee, KS",4,CAGDP1,2,"...","Chain-type quantity indexes for real GDP","Quantity index",80.856,96.351,73.832,75.643,79.012,76.975,88.916,113.891,91.402,77.378,85.941,100.000,98.283,96.075,95.762,87.269,89.108,102.747,99.614,96.611
 "20197","Wabaunsee, KS",4,CAGDP1,3,"...","Current-dollar GDP (thousands of current dollars)","Thousands of dollars",84364,101865,80730,85410,92487,93473,112584,148581,121815,104462,118060,140874,141667,140165,142114,131795,137301,161627,160553,159549
 "20199","Wallace, KS",4,CAGDP1,1,"...","Real GDP (thousands of chained 2012 dollars)","Thousands of chained 2012 dollars",65724,49609,76724,51322,63934,42178,89676,89693,74446,117346,124265,117547,137056,103700,82350,88767,81876,91948,98873,106165
 "20199","Wallace, KS",4,CAGDP1,2,"...","Chain-type quantity indexes for real GDP","Quantity index",55.913,42.204,65.271,43.661,54.390,35.882,76.290,76.304,63.333,99.829,105.715,100.000,116.597,88.220,70.057,75.516,69.654,78.222,84.113,90.317
 "20199","Wallace, KS",4,CAGDP1,3,"...","Current-dollar GDP (thousands of current dollars)","Thousands of dollars",44211,33028,53908,38965,48138,32610,76299,78234,57517,97574,120690,117547,141476,102855,75863,78834,75027,86629,95260,100361
 "20201","Washington, KS",4,CAGDP1,1,"...","Real GDP (thousands of chained 2012 dollars)","Thousands of chained 2012 dollars",141253,148763,139025,180002,183653,149622,178445,197482,202353,197658,250578,221578,240256,241194,217074,206838,197136,214052,212751,230175
 "20201","Washington, KS",4,CAGDP1,2,"...","Chain-type quantity indexes for real GDP","Quantity index",63.749,67.138,62.743,81.237,82.884,67.525,80.534,89.125,91.324,89.205,113.088,100.000,108.429,108.853,97.967,93.348,88.969,96.603,96.016,103.880
 "20201","Washington, KS",4,CAGDP1,3,"...","Current-dollar GDP (thousands of current dollars)","Thousands of dollars",103393,110282,105966,144256,144671,121110,154132,173974,168489,173026,243344,221578,247217,244044,216041,204454,198861,219046,223235,242899
 "20203","Wichita, KS",4,CAGDP1,1,"...","Real GDP (thousands of chained 2012 dollars)","Thousands of chained 2012 dollars",179200,216789,184753,116747,204590,162646,144433,205722,194272,258186,276683,241677,302575,299619,306393,449889,358361,319755,291702,240836
 "20203","Wichita, KS",4,CAGDP1,2,"...","Chain-type quantity indexes for real GDP","Quantity index",74.148,89.702,76.446,48.307,84.654,67.299,59.763,85.122,80.385,106.831,114.485,100.000,125.198,123.975,126.777,186.153,148.281,132.307,120.699,99.652
 "20203","Wichita, KS",4,CAGDP1,3,"...","Current-dollar GDP (thousands of current dollars)","Thousands of dollars",119482,136996,127119,88632,143728,111857,118674,172127,137755,202991,269600,241677,311858,289889,258763,336750,288347,253809,232321,185698
 "20205","Wilson, KS",4,CAGDP1,1,"...","Real GDP (thousands of chained 2012 dollars)","Thousands of chained 2012 dollars",283214,301038,304317,315546,320877,339034,367047,346941,321283,312743,311610,334559,317571,316756,321872,323968,330090,321987,314648,295075
 "20205","Wilson, KS",4,CAGDP1,2,"...","Chain-type quantity indexes for real GDP","Quantity index",84.653,89.981,90.961,94.317,95.911,101.338,109.711,103.701,96.032,93.479,93.141,100.000,94.922,94.679,96.208,96.835,98.664,96.242,94.049,88.198
 "20205","Wilson, KS",4,CAGDP1,3,"...","Current-dollar GDP (thousands of current dollars)","Thousands of dollars",214746,231935,241113,259367,270639,294360,334602,330723,294770,295830,305614,334559,326080,329177,328871,329603,343372,343430,342028,323746
 "20207","Woodson, KS",4,CAGDP1,1,"...","Real GDP (thousands of chained 2012 dollars)","Thousands of chained 2012 dollars",72364,77008,67192,70621,71099,68923,72909,60961,64155,75504,70478,87756,83672,69275,72687,74463,80950,79557,80610,80660
 "20207","Woodson, KS",4,CAGDP1,2,"...","Chain-type quantity indexes for real GDP","Quantity index",82.461,87.751,76.566,80.474,81.018,78.539,83.081,69.466,73.105,86.038,80.311,100.000,95.346,78.940,82.828,84.851,92.244,90.657,91.856,91.913
 "20207","Woodson, KS",4,CAGDP1,3,"...","Current-dollar GDP (thousands of current dollars)","Thousands of dollars",52866,55380,51901,58416,60341,59703,68348,61935,55735,71356,71944,87756,86680,71752,66451,67218,76906,79134,80261,78265
 "20209","Wyandotte, KS",4,CAGDP1,1,"...","Real GDP (thousands of chained 2012 dollars)","Thousands of chained 2012 dollars",7711390,7792784,7877893,8175588,8157516,8712495,8836472,8952473,8234431,8903711,10257303,11925266,10626451,11241420,11217667,10500676,10713098,11109051,11056360,10800431
 "20209","Wyandotte, KS",4,CAGDP1,2,"...","Chain-type quantity indexes for real GDP","Quantity index",64.664,65.347,66.061,68.557,68.405,73.059,74.099,75.071,69.050,74.663,86.013,100.000,89.109,94.266,94.066,88.054,89.835,93.156,92.714,90.568
 "20209","Wyandotte, KS",4,CAGDP1,3,"...","Current-dollar GDP (thousands of current dollars)","Thousands of dollars",5751897,5908083,6056427,6401321,6571976,7222463,7507411,7758884,7439759,8103386,9808787,11925266,10454143,11146141,11235707,10427930,10777492,11427130,11613506,11522492
"Note: See the included footnote file."
"CAGDP1: Gross Domestic Product (GDP) summary by county and metropolitan area "
"Last updated: December 8, 2021 -- new statistics for 2020, revised statistics for 2001-2019."
"Source: U.S. Department of Commerce / Bureau of Economic Analysis / Regional Economic Accounts"
